{"type": "block", "layer": 0, "block": 0, "features": [{"geom": {"polygons": [[[[41.81613143798488, -3.168278634466909], [42.52194723547592, -2.4986585189831927], [43.16442058961921, -3.285914600730964], [42.449555871649935, -3.8831433527171244], [41.81613143798488, -3.168278634466909]]]], "centroids": [[42.48938900800113, -3.2031519410361384, 5.037073125350614]], "h": 3.0151919728348777}, "mtl": {"face": 0}, "prop": ["NULL", "59.860000", "よみうりランドパラシュート塔"], "lh": 7.757092613039946}, {"geom": {"polygons": [[[[42.870330674263776, -4.141037586253191], [43.48565726706616, -3.652395880334311], [46.345116139224764, -7.308159754904427], [45.675496023552896, -7.851094983786581], [42.870330674263776, -4.141037586253191]]]], "centroids": [[44.615869719816125, -5.766616964412018, 5.037073125350614]], "h": 2.0148292501402456}, "mtl": {"face": 0}, "prop": ["NULL", "40.000000", "よみうりシャンツェ"], "lh": 7.757092613039946}, {"geom": {"polygons": [[[[35.7950895268153, -18.783430203248084], [35.800913882877914, -18.781999394457035], [35.80675761034603, -18.780693605201396], [35.81261893690699, -18.779513231929393], [35.81849608405584, -18.77845863262191], [35.82438726925322, -18.7775301272147], [35.830290705268666, -18.77672799750453], [35.8362046008373, -18.77605248668009], [35.84212716234869, -18.775503799509647], [35.84805659272096, -18.77508210285704], [35.85399109365254, -18.7747875244151], [35.85992886449628, -18.77462015336239], [35.86586810432358, -18.77458004102], [35.87180701070466, -18.77466719883429], [35.87774378261707, -18.77488160105091], [35.88367661903838, -18.775223182181552], [35.88960371960294, -18.775691838692747], [35.89552328685354, -18.776287428442966], [35.90143352492803, -18.777009770964057], [35.907332640591264, -18.777858646898306], [35.91321884464246, -18.778833798514494], [35.91909035107086, -18.779934930552276], [35.9249453790259, -18.78116170843955], [35.93078215197292, -18.782513760122015], [35.936598899475705, -18.783990675875508], [35.94239385682124, -18.785592006992495], [35.94816526623942, -18.78731726822146], [35.95391137662152, -18.789165935843553], [35.95963044502142, -18.791137449314462], [35.96532073637411, -18.7932312103262], [35.97098052452776, -18.795446583745335], [35.976608092525154, -18.79778289770681], [35.982201733260474, -18.800239443285562], [35.98775974957314, -18.80281547520019], [35.99328045565508, -18.80551021228208], [35.998762176394095, -18.808322836537165], [36.004203249156355, -18.811252495163124], [36.009602023129716, -18.814298299188934], [36.01495686073108, -18.817459324600772], [36.02026613723104, -18.820734612670375], [36.025528242348905, -18.824123169720487], [36.03074157931449, -18.827623967687796], [36.035904567025966, -18.831235944779692], [36.04101563901793, -18.83495800491134], [36.04607324477479, -18.838789019112998], [36.051075850012346, -18.842727825342415], [36.056021937146824, -18.84677322843786], [36.06091000585787, -18.850924001478607], [36.065738572900855, -18.855178884893594], [36.07050617388955, -18.85953658829096], [36.07521136235786, -18.86399578970748], [36.07985271088576, -18.868555135936933], [36.08442881156832, -18.87321324421892], [36.08893827620343, -18.877968701441368], [36.09337973647939, -18.88282006479728], [36.097751845288464, -18.887765862769893], [36.1020532764454, -18.892804594757372], [36.10628272478126, -18.897934732433242], [36.11043890726927, -18.903154719324192], [36.11452056321248, -18.908462971982864], [36.118526454243806, -18.91385787998783], [36.12245536526416, -18.919337806881842], [36.126306104161074, -18.924901090078006], [36.13007750321601, -18.930546042032564], [36.133768417790826, -18.936270950197983], [36.13737772867336, -18.942074077820433], [36.140904340388616, -18.947953664408942], [36.14434718373198, -18.953907926439015], [36.14770521370515, -18.959935057493414], [36.15097741195545, -18.966033229388], [36.154162785837684, -18.97220059193719], [36.15726036897704, -18.97843527440822], [36.16026922136288, -18.98473538514582], [36.16318843066233, -18.99109901312033], [36.16601711118817, -18.99752422764621], [36.1687544044618, -19.004009079836294], [36.17139948062056, -19.010551602179593], [36.17395153701042, -19.017149810277004], [36.17640979949947, -19.02380170195002], [36.17877352200881, -19.030505259773925], [36.181041987919926, -19.03725844976427], [36.183214509042585, -19.0440592234879], [36.185290425990146, -19.050905517781487], [36.18726910911783, -19.05779525554901], [36.18914995833501, -19.064726346981466], [36.190932402917596, -19.07169668932229], [36.192615902164825, -19.078704167993273], [36.19419994549301, -19.085746657298166], [36.195684052060315, -19.0928220206104], [36.197067772080246, -19.09992811178037], [36.19835068541432, -19.107062774807083], [36.19953240297937, -19.114223845620792], [36.20061256627851, -19.121409151566958], [36.20159084768252, -19.12861651304815], [36.20246695033605, -19.13584374357097], [36.20324060872061, -19.143088650590443], [36.20391158781007, -19.150349036260614], [36.204479684102786, -19.157622698278935], [36.20494472543392, -19.164907429886284], [36.20530657060017, -19.172201021274294], [36.205565109922674, -19.179501259632264], [36.20572026487176, -19.18680593055452], [36.20577198834837, -19.19411281799347], [36.20572026487176, -19.201419705338594], [36.205565109922674, -19.20872437597938], [36.20530657060017, -19.21602461396206], [36.20494472543392, -19.223318204599487], [36.204479684102786, -19.23060293531552], [36.20391158781007, -19.237876596254882], [36.20324060872061, -19.24513698065844], [36.20246695033605, -19.252381886223663], [36.20159084768252, -19.259609115104585], [36.20061256627851, -19.266816474803143], [36.19953240297937, -19.274001778779027], [36.19835068541432, -19.28116284743481], [36.197067772080246, -19.288297508256694], [36.195684052060315, -19.29540359675271], [36.19419994549301, -19.302478957390992], [36.192615902164825, -19.309521443834296], [36.190932402917596, -19.31652891945603], [36.18914995833501, -19.323499258653793], [36.18726910911783, -19.330430346896275], [36.185290425990146, -19.337320081192356], [36.183214509042585, -19.34416637182685], [36.181041987919926, -19.350967141563018], [36.17877352200881, -19.357720327659717], [36.17640979949947, -19.364423881355417], [36.17395153701042, -19.37107576890023], [36.17139948062056, -19.377673972681794], [36.1687544044618, -19.384216490568505], [36.16601711118817, -19.39070133820818], [36.16318843066233, -19.397126548136747], [36.16026922136288, -19.403490171326297], [36.15726036897704, -19.409790277185113], [36.154162785837684, -19.416024954730442], [36.15097741195545, -19.422192312213205], [36.14770521370515, -19.428290478994448], [36.14434718373198, -19.43431760488859], [36.140904340388616, -19.440271861805325], [36.13737772867336, -19.446151443139755], [36.133768417790826, -19.45195456536739], [36.13007750321601, -19.457679468044176], [36.126306104161074, -19.46332441446319], [36.12245536526416, -19.46888769235837], [36.118526454243806, -19.47436761352919], [36.11452056321248, -19.479762516045522], [36.11043890726927, -19.485070763168643], [36.10628272478126, -19.49029074447714], [36.1020532764454, -19.495420876570552], [36.097751845288464, -19.500459603210132], [36.09337973647939, -19.505405395459555], [36.08893827620343, -19.51025675346757], [36.08442881156832, -19.515012205013736], [36.07985271088576, -19.51967030780709], [36.07521136235786, -19.52422964882938], [36.07050617388955, -19.528688844710352], [36.065738572900855, -19.533046542759816], [36.06091000585787, -19.537301420920723], [36.056021937146824, -19.541452188754313], [36.051075850012346, -19.54549758692406], [36.04607324477479, -19.549436387899394], [36.04101563901793, -19.55326739736301], [36.035904567025966, -19.55698945261587], [36.03074157931449, -19.560601424735154], [36.025528242348905, -19.564102218011325], [36.02026613723104, -19.567490770511032], [36.01495686073108, -19.57076605412405], [36.009602023129716, -19.57392707522004], [36.004203249156355, 